Time	Species	State	Cell	Experiment	Dish	Plate	Well	Date
Gel_1_Experiment_30_CTRL_1	48	Human	CTRL	D	30	1	1	1	20150903
Gel_1_Experiment_30_NIL_1	48	Human	NIL	D	30	6	1	2	20150903
Gel_1_Experiment_30_PAZ_1	48	Human	PAZ	D	30	23	1	3	20150903
Gel_1_Experiment_30_REG_1	48	Human	REG	D	30	26	1	4	20150903
Gel_1_Experiment_30_SUN_1	48	Human	SUN	D	30	6	1	5	20150903
2nd_Experiment_39_CTRL_1	48	Human	CTRL	D	39	2	2	1	20150903
2nd_Experiment_39_NIL_1	48	Human	NIL	D	39	12	2	2	20150903
2nd_Experiment_39_PAZ_1	48	Human	PAZ	D	39	15	2	3	20150903
2nd_Experiment_39_REG_1	48	Human	REG	D	39	18	2	4	20150903
2nd_Experiment_39_SUN_1	48	Human	SUN	D	39	6	2	5	20150903
Gel_3_Experiment_39_CTRL1	48	Human	CTRL	D	39	1	3	1	20150903
Gel_3_Experiment_39_ERL1	48	Human	ERL	D	39	3	3	2	20150903
Gel_3_Experiment_39_NIL1	48	Human	NIL	D	39	13	3	3	20150903
Gel_3_Experiment_39_PAZ1	48	Human	PAZ	D	39	27	3	4	20150903
Gel_3_Experiment_39_REG1	48	Human	REG	D	39	30	3	5	20150903
Gel_4_Experiment_28_CTRL1	48	Human	CTRL	D	28	2	4	1	20150903
Gel_4_Experiment_28_ERL1	48	Human	ERL	D	28	3	4	2	20150903
Gel_4_Experiment_28_SUN1	48	Human	SUN	D	28	11	4	3	20150903
Gel_5_Experiment_30_AFA_150923052026	48	Human	AFA	D	30	25	5	2	20150903
Gel_5_Experiment_30_AXI_150922211943	48	Human	AXI	D	30	22	5	3	20150903
Gel_5_Experiment_30_CTRL1_150922131908	48	Human	CTRL	D	30	2	5	1	20150903
Gel_5_Experiment_30_ERL_150922171926	48	Human	ERL	D	30	3	5	4	20150903
Gel_5_Experiment_30_RUX_150923012006	48	Human	RUX	D	30	24	5	5	20150903
Gel_6_Experiment_39_AFA_150926090401	48	Human	AFA	D	39	17	6	2	20150903
Gel_6_Experiment_39_AXI_150926010323	48	Human	AXI	D	39	14	6	3	20150903
Gel_6_Experiment_39_CTRL1_150925170228	48	Human	CTRL	D	39	1	6	1	20150903
Gel_6_Experiment_39_RUX_150926050342	48	Human	RUX	D	39	16	6	4	20150903
Gel_7_Experiment_30_BOS1	48	Human	BOS	D	30	19	7	2	20150903
Gel_7_Experiment_30_CTRL1	48	Human	CTRL	D	30	1	7	1	20150903
Gel_7_Experiment_30_GEF1	48	Human	GEF	D	30	18	7	3	20150903
Gel_7_Experiment_30_TOF1	48	Human	TOF	D	30	17	7	4	20150903
Gel_7_Experiment_30_VAN1	48	Human	VAN	D	30	20	7	5	20150903
Gel_8_Experiment_42_CTRL1	48	Human	CTRL	D	42	1	8	1	20150903
Gel_8_Experiment_42_NIL1	48	Human	NIL	D	42	8	8	2	20150903
Gel_8_Experiment_42_PAZ1	48	Human	PAZ	D	42	10	8	3	20150903
Gel_8_Experiment_42_REG1	48	Human	REG	D	42	13	8	4	20150903
Gel_8_Experiment_42_SUN1	48	Human	SUN	D	42	20	8	5	20150903
Gel_9_Experiment_42_AFA1	48	Human	AFA	D	42	12	9	2	20150903
Gel_9_Experiment_42_AXI1	48	Human	AXI	D	42	9	9	3	20150903
Gel_9_Experiment_42_CTRL1	48	Human	CTRL	D	42	1	9	1	20150903
Gel_9_Experiment_42_ERL1	48	Human	ERL	D	42	21	9	4	20150903
Gel_9_Experiment_42_RUX1	48	Human	RUX	D	42	11	9	5	20150903
Gel_10_Experiment_42_BOS1_151015095436	48	Human	BOS	D	42	6	10	2	20150903
Gel_10_Experiment_42_CTRL1_151014215338	48	Human	CTRL	D	42	2	10	1	20150903
Gel_10_Experiment_42_GEF1_151015055419	48	Human	GEF	D	42	5	10	3	20150903
Gel_10_Experiment_42_TOF1_151015015403	48	Human	TOF	D	42	4	10	4	20150903
Gel_10_Experiment_42_VAN1_151015135454	48	Human	VAN	D	42	7	10	5	20150903
Gel_11_Experiment_42_BOS1	48	Human	BOS	D	42	25	11	2	20150903
Gel_11_Experiment_42_CTRL1	48	Human	CTRL	D	42	2	11	1	20150903
Gel_11_Experiment_42_GEF1	48	Human	GEF	D	42	24	11	3	20150903
Gel_11_Experiment_42_TOF1	48	Human	TOF	D	42	23	11	4	20150903
Gel_11_Experiment_42_VAN1	48	Human	VAN	D	42	26	11	5	20150903
Gel_12_Experiment_39_AFA1	48	Human	AFA	D	39	29	12	2	20150903
Gel_12_Experiment_39_AXI1	48	Human	AXI	D	39	26	12	3	20150903
Gel_12_Experiment_39_CTRL1	48	Human	CTRL	D	39	1	12	1	20150903
Gel_12_Experiment_39_RUX1	48	Human	RUX	D	39	28	12	4	20150903
Gel_13_Experiment_39_BOS_151014135302	48	Human	BOS	D	39	10	13	2	20150903
Gel_13_Experiment_39_CTRL1_151014015157	48	Human	CTRL	D	39	1	13	1	20150903
Gel_13_Experiment_39_GEF_151014095241	48	Human	GEF	D	39	9	13	3	20150903
Gel_13_Experiment_39_TOF1_151014055215	48	Human	TOF	D	39	8	13	4	20150903
Gel_13_Experiment_39_VAN_151014175319	48	Human	VAN	D	39	11	13	5	20150903
Evren_Gel1_Tube1_CTRL_Exp_32_2000ng	48	Human	CTRL	E	32	1	1	1	20151201
Evren_Gel1_Tube11_TOF_Exp_32_2000ng	48	Human	TOF	E	32	11	1	2	20151201
Evren_Gel1_Tube12_GEF_Exp_32_2000ng	48	Human	GEF	E	32	12	1	3	20151201
Evren_Gel1_Tube13_IMA_Exp_32_2000ng	48	Human	IMA	E	32	13	1	4	20151201
Evren_Gel1_Tube22_ERL_Exp_32_2000ng	48	Human	ERL	E	32	22	1	5	20151201
Evren_Gel2_Tube1_CTRL_Exp_34_2000ng	48	Human	CTRL	E	34	1	2	1	20151201
Evren_Gel2_Tube2_CTRL_Exp_34_2000ng	48	Human	CTRL	E	34	2	2	4	20151201
Evren_Gel2_Tube11_GEF_Exp_34_2000ng	48	Human	GEF	E	34	11	2	2	20151201
Evren_Gel2_Tube12_IMA_Exp_34_2000ng	48	Human	IMA	E	34	12	2	3	20151201
Evren_Gel3_Tube1_CTRL_Exp_36_1500ng	48	Human	CTRL	E	36	1	3	1	20151201
Evren_Gel3_Tube7_TOF_Exp_36_1500ng	48	Human	TOF	E	36	7	3	3	20151201
Evren_Gel3_Tube8_GEF_Exp_36_1500ng	48	Human	GEF	E	36	8	3	4	20151201
Evren_Gel3_Tube9_BOS_Exp_36_1500ng	48	Human	BOS	E	36	9	3	5	20151201
Evren_Gel3_Tube10_VAN_Exp_36_1500ng	48	Human	VAN	E	36	10	3	2	20151201
Evren_Gel4_Tube2_CTRL_Exp_36_1500ng	48	Human	CTRL	E	36	2	4	1	20151201
Evren_Gel4_Tube11_NIL_Exp_36_1500ng	48	Human	NIL	E	36	11	4	2	20151201
Evren_Gel4_Tube12_AXI_Exp_36_1500ng	48	Human	AXI	E	36	12	4	3	20151201
Evren_Gel4_Tube13_PAZ_Exp_36_1500ng	48	Human	PAZ	E	36	13	4	4	20151201
Evren_Gel5_Tube1_CTRL_Exp_37_2000ng	48	Human	CTRL	E	37	1	5	1	20151201
Evren_Gel5_Tube3_TOF_Exp_37_2000ng	48	Human	TOF	E	37	3	5	2	20151201
Evren_Gel5_Tube4_GEF_Exp_37_2000ng	48	Human	GEF	E	37	4	5	3	20151201
Evren_Gel5_Tube5_BOS_Exp_37_2000ng	48	Human	BOS	E	37	5	5	4	20151201
Evren_Gel5_Tube6_VAN_Exp_37_2000ng	48	Human	VAN	E	37	6	5	5	20151201
Evren_Gel6_Tube1_CTRL_Exp_37_2000ng	48	Human	CTRL	E	37	1	6	1	20151201
Evren_Gel6_Tube7_NIL_Exp_37_2000ng	48	Human	NIL	E	37	7	6	3	20151201
Evren_Gel6_Tube8_AXI_Exp_37_2000ng	48	Human	AXI	E	37	8	6	4	20151201
Evren_Gel6_Tube9_PAZ_Exp_37_2000ng	48	Human	PAZ	E	37	9	6	5	20151201
Evren_Gel6_Tube10_RUX_Exp_37_2000ng	48	Human	RUX	E	37	10	6	2	20151201
Evren_Gel7_Tube2_CTRL_Exp_37_2000ng	48	Human	CTRL	E	37	2	7	1	20151201
Evren_Gel7_Tube11_AFA_Exp_37_2000ng	48	Human	AFA	E	37	11	7	2	20151201
Evren_Gel7_Tube12_REG_Exp_37_2000ng	48	Human	REG	E	37	12	7	3	20151201
Evren_Gel8_Tube1_CTRL_Exp_41_2000ng	48	Human	CTRL	E	41	1	8	1	20151201
Evren_Gel8_Tube3_ERL_Exp_41_2000ng	48	Human	ERL	E	41	3	8	2	20151201
Evren_Gel8_Tube5_TOF_Exp_41_2000ng	48	Human	TOF	E	41	5	8	3	20151201
Evren_Gel8_Tube6_GEF_Exp_41_2000ng	48	Human	GEF	E	41	6	8	4	20151201
Evren_Gel8_Tube7_BOS_Exp_41_2000ng	48	Human	BOS	E	41	7	8	5	20151201
Evren_Gel9_Tube2_CTRL_Exp_41_3000ng	48	Human	CTRL	E	41	2	9	1	20151201
Evren_Gel9_Tube8_VAN_Exp_41_3000ng	48	Human	VAN	E	41	8	9	4	20151201
Evren_Gel9_Tube9_NIL_Exp_41_3000ng	48	Human	NIL	E	41	9	9	5	20151201
Evren_Gel9_Tube10_AXI_Exp_41_3000ng	48	Human	AXI	E	41	10	9	2	20151201
Evren_Gel9_Tube11_PAZ_Exp_41_3000ng	48	Human	PAZ	E	41	11	9	3	20151201
Evren_Gel10_Tube1_CTRL_Exp_41_3000ng	48	Human	CTRL	E	41	1	10	1	20151201
Evren_Gel10_Tube12_RUX_Exp_41_3000ng	48	Human	RUX	E	41	12	10	2	20151201
Evren_Gel10_Tube13_RUX_Exp_41_3000ng	48	Human	RUX	E	41	13	10	3	20151201
Evren_Gel10_Tube14_AFA_Exp_41_3000ng	48	Human	AFA	E	41	14	10	4	20151201
Evren_Gel10_Tube15_AFA_Exp_41_3000ng	48	Human	AFA	E	41	15	10	5	20151201
Evren_Gel11_Tube17_REG_Exp_41_3000ng	48	Human	REG	E	41	17	11	3	20151201
Evren_Gel11_Tube2_CTRL_Exp_41_3000ng	48	Human	CTRL	E	41	2	11	1	20151201
Evren_Gel11_Tube16_REG_Exp_41_3000ng	48	Human	REG	E	41	16	11	2	20151201
Gel12_Tube1_CTRL_Exp_43	48	Human	CTRL	E	43	1	12	1	20151201
Gel12_Tube4_BOS_Exp_43	48	Human	BOS	E	43	4	12	2	20151201
Gel12_Tube5_VAN_Exp_43	48	Human	VAN	E	43	5	12	3	20151201
Gel12_Tube6_NIL_Exp_43	48	Human	NIL	E	43	6	12	4	20151201
Gel12_Tube7_AXI_Exp_43	48	Human	AXI	E	43	7	12	5	20151201
Gel13_Tube2_CTRL_Exp_43	48	Human	CTRL	E	43	2	13	1	20151201
Gel13_Tube8_PAZ_Exp_43	48	Human	PAZ	E	43	8	13	4	20151201
Gel13_Tube9_RUX_Exp_43	48	Human	RUX	E	43	9	13	5	20151201
Gel13_Tube10_AFA_Exp_43	48	Human	AFA	E	43	10	13	2	20151201
Gel13_Tube11_REG_Exp_43	48	Human	REG	E	43	11	13	3	20151201
Gel14_Tube1_Ctrl_Exp_43	48	Human	CTRL	E	43	1	14	1	20151201
Gel14_Tube18_LAP_Exp_43	48	Human	LAP	E	43	18	14	2	20151201
Gel14_Tube21_TRS_Exp_43	48	Human	TRS	E	43	21	14	3	20151201
Gel14_Tube23_SUN_Exp_43	48	Human	SUN	E	43	23	14	4	20151201
Gel15_Tube1_Ctrl_Exp_45	48	Human	CTRL	E	45	1	15	1	20151201
Gel15_Tube4_IMA_Exp_45	48	Human	IMA	E	45	4	15	3	20151201
Gel15_Tube7_SUN_Exp_45	48	Human	SUN	E	45	7	15	4	20151201
Gel15_Tube8_SUN_Exp_45	48	Human	SUN	E	45	8	15	5	20151201
Gel15_Tube10_BOS_Exp_45	48	Human	BOS	E	45	10	15	2	20151201
Gel_16_Tube2_CTRL_Exp_45	48	Human	CTRL	E	45	2	16	1	20151201
Gel_16_Tube11_VAN_Exp_45	48	Human	VAN	E	45	11	16	2	20151201
Gel_16_Tube12_LAP_Exp_45	48	Human	LAP	E	45	12	16	3	20151201
Gel_16_Tube15_TRS_Exp_45	48	Human	TRS	E	45	15	16	4	20151201
Gel_16_Tube18_SOR_Exp_45	48	Human	SOR	E	45	18	16	5	20151201
Gel_17_Tube1_CTRL_Exp_45	48	Human	CTRL	E	45	1	17	1	20151201
Gel_17_Tube20_REG_Exp_45	48	Human	REG	E	45	20	17	2	20151201
Gel_17_Tube21_PAZ_Exp_45	48	Human	PAZ	E	45	21	17	3	20151201
Gel_17_Tube23_NIL_Exp_45	48	Human	NIL	E	45	23	17	4	20151201
Gel_18_Tube1_CTRL_Exp_47	48	Human	CTRL	E	47	1	18	1	20151201
Gel_18_Tube4_SUN_Exp_47	48	Human	SUN	E	47	4	18	3	20151201
Gel_18_Tube6_LAP_Exp_47	48	Human	LAP	E	47	6	18	4	20151201
Gel_18_Tube8_TRS_Exp_47	48	Human	TRS	E	47	8	18	5	20151201
Gel_18_Tube10_SOR_Exp_47	48	Human	SOR	E	47	10	18	2	20151201
Gel_19_Tube2_CTRL_Exp_47	48	Human	CTRL	E	47	2	19	1	20151201
Gel_19_Tube17_RUX_Exp_47	48	Human	RUX	E	47	17	19	2	20151201
Gel_19_Tube18_AFA_Exp_47	48	Human	AFA	E	47	18	19	3	20151201
Gel_19_Tube19_AXI_Exp_47	48	Human	AXI	E	47	19	19	4	20151201
Gel_20_Tube1_CTRL_Exp_52	48	Human	CTRL	E	52	1	20	1	20151201
Gel_20_Tube2_CTRL_Exp_52	48	Human	CTRL	E	52	2	20	2	20151201
Gel_20_Tube4_SUN_Exp_52	48	Human	SUN	E	52	4	20	3	20151201
Gel_20_Tube8_SOR_Exp_52	48	Human	SOR	E	52	8	20	4	20151201
Gel_21_Tube3_TRS_Exp_55	48	Human	TRS	E	55	3	21	3	20151201
Gel_21_Tube10_Sun_Exp_55	48	Human	SUN	E	55	10	21	1	20151201
Gel_21_Tube20_SOR_Exp_55	48	Human	SOR	E	55	20	21	2	20151201
031616_Gel1_BOS_Tube_11	48	Human	BOS	A	20	11	1	2	20160308
031616_Gel1_Ctrl_Tube_1	48	Human	CTRL	A	20	1	1	1	20160308
031616_Gel1_ERL_Tube_5	48	Human	ERL	A	20	5	1	3	20160308
031616_Gel1_NIL_Tube_13	48	Human	NIL	A	20	13	1	4	20160308
031616_Gel1_USN_Tube_12	48	Human	VAN	A	20	12	1	5	20160308
031616_Gel2_Exp20_AFA_Tube_17	48	Human	AFA	A	20	17	2	2	20160308
031616_Gel2_Exp20_AXI_Tube_14_160504082926	48	Human	AXI	A	20	14	2	3	20160308
031616_Gel2_Exp20_Ctrl_Tube_1_160430071114	48	Human	CTRL	A	20	1	2	1	20160308
031616_Gel2_Exp20_PAZ_Tube_15	48	Human	PAZ	A	20	15	2	4	20160308
031616_Gel2_Exp20_RUX_Tube_16	48	Human	RUX	A	20	16	2	5	20160308
031616_Gel3_Exp22_BOS_Tube_14	48	Human	BOS	A	22	14	3	2	20160308
031616_Gel3_Exp22_CTRL_Tube_1	48	Human	CTRL	A	22	1	3	1	20160308
031616_Gel3_Exp22_ERL_Tube_5	48	Human	SUN+MON	A	22	6	3	3	20160308
031616_Gel3_Exp22_SOR_Tube_9	48	Human	SOR	A	22	9	3	4	20160308
031616_Gel3_Exp22_VAN_Tube_15	48	Human	VAN	A	22	15	3	5	20160308
031616_Gel4_RUX_Tube_19_160506041556	48	Human	RUX	A	22	19	4	5	20160308
031616_Gel4_AFA_Tube_20_160506081617	48	Human	AFA	A	22	20	4	1	20160308
031616_Gel4_AXI_Tube_17_160505201521	48	Human	AXI	A	22	17	4	2	20160308
031616_Gel4_NIL_Tube_16_160505161502	48	Human	NIL	A	22	16	4	3	20160308
031616_Gel4_PAZ_Tube_18_160506001539	48	Human	PAZ	A	22	18	4	4	20160308
031616_Gel5_Exp24_BOS_Tube_17	48	Human	BOS	A	24	17	5	2	20160308
031616_Gel5_Exp24_CTRL_Tube_1	48	Human	CTRL	A	24	1	5	1	20160308
031616_Gel5_Exp24_ERL_Tube_8	48	Human	ERL	A	24	8	5	3	20160308
031616_Gel5_Exp24_SOR_Tube_11	48	Human	SOR	A	24	11	5	4	20160308
031616_Gel5_Exp24_VAN_Tube_18	48	Human	VAN	A	24	18	5	5	20160308
031616_Gel6_Exp24_AFA_Tube_23	48	Human	AFA	A	24	23	6	1	20160308
031616_Gel6_Exp24_AXI_Tube_20	48	Human	AXI	A	24	20	6	2	20160308
031616_Gel6_Exp24_NIL_Tube_19	48	Human	NIL	A	24	19	6	3	20160308
031616_Gel6_Exp24_PAZ_Tube_21	48	Human	PAZ	A	24	21	6	4	20160308
031616_Gel6_Exp24_RUX_Tube_22	48	Human	RUX	A	24	22	6	5	20160308
031616_Gel7_CTRL_Exp31_Tube_2_160620132755	48	Human	CTRL	A	31	2	7	1	20160308
031616_Gel7_SOR_Exp31_Tube_16_160620172811	48	Human	SOR	A	31	16	7	2	20160308
031616_Gel8_VAN_Exp38_Tube_5	48	Human	VAN	A	38	5	8	5	20160308
031616_Gel8_AXI_Exp38_Tube7	48	Human	AXI	A	38	7	8	2	20160308
031616_Gel8_BOS_Exp38_Tube_4	48	Human	BOS	A	38	4	8	3	20160308
031616_Gel8_CTRL_Exp38_Tube_1	48	Human	CTRL	A	38	1	8	1	20160308
031616_Gel8_NIL_Exp38_Tube_6	48	Human	NIL	A	38	6	8	4	20160308
031616_Gel9_AFA_Exp38_Tube_10	48	Human	AFA	A	38	10	9	2	20160308
031616_Gel9_CTRL_Exp38_Tube_2_160518133038	48	Human	CTRL	A	38	2	9	1	20160308
031616_Gel9_REG_Exp38_Tube_11	48	Human	REG	A	38	11	9	3	20160308
031616_Gel9_REG_Exp38_Tube_12	48	Human	REG	A	38	12	9	4	20160308
031616_Gel9_RUX_Exp38_Tube_9	48	Human	RUX	A	38	9	9	5	20160308
031616_Gel10_CTRL_Exp38_Tube_1	48	Human	CTRL	A	38	1	10	1	20160308
031616_Gel10_CTRL_Exp58_Tube_1	48	Human	CTRL	A	58	1	10	2	20160308
031616_Gel10_SUN_Exp38_Tube_2	48	Human	CTRL	A	38	22	10	3	20160308
031616_Gel10_SUN_Exp58_Tube_6	48	Human	SUN	A	58	6	10	4	20160308
031616_Gel11_CTRL_Exp49_Tube_1_160618212423	48	Human	CTRL	A	49	1	11	1	20160308
031616_Gel11_PAZ_Exp49_Tube_8_160619012456	48	Human	PAZ	A	49	8	11	2	20160308
031616_Gel11_REG_Exp49_Tube_9_160619052515	48	Human	REG	A	49	9	11	3	20160308
031616_Gel11_SUN_Exp49_Tube_19_160619092535	48	Human	SUN	A	49	19	11	4	20160308
031616_Gel12_CTRL_Exp54_Tube_1_160619172619	48	Human	CTRL	A	54	1	12	1	20160308
031616_Gel12_CTRL_Exp57_Tube_1_160620012658	48	Human	CTRL	A	57	1	12	2	20160308
031616_Gel12_REG_Exp54_Tube_9_160619212635	48	Human	REG	A	54	9	12	3	20160308
031616_Gel12_SUN_Exp57_Tube_4_160620052717	48	Human	SUN	A	57	4	12	4	20160308
072216_Gel1_CTRL_Exp23_Tube_1	48	Human	CTRL	B	23	1	1	1	20160628
072216_Gel1_GEF_Exp23_Tube_5	48	Human	GEF	B	23	5	1	2	20160628
072216_Gel1_GEF_Exp23_Tube_6	48	Human	GEF	B	23	6	1	3	20160628
072216_Gel1_TOF_Exp23_Tube_3	48	Human	TOF	B	23	3	1	4	20160628
072216_Gel1_TOF_Exp23_Tube_4	48	Human	TOF	B	23	4	1	5	20160628
072216_Gel2_BOS_Exp23_Tube_7	48	Human	BOS	B	23	7	2	2	20160628
072216_Gel2_BOS_Exp23_Tube_8	48	Human	BOS	B	23	8	2	3	20160628
072216_Gel2_CTRL_Exp23_Tube_1	48	Human	CTRL	B	23	1	2	1	20160628
072216_Gel2_EST_Exp23_Tube_18	48	Human	EST	B	23	18	2	4	20160628
072716_Gel3_ERL_Exp23_Tube_22	48	Human	ERL	B	23	22	3	1	20160628
072716_Gel3_VAN_Exp23_Tube_21	48	Human	VAN	B	23	21	3	2	20160628
09082016_Gel4_EXP33_BOS_tube24	48	Human	BOS	B	33	24	4	2	20160628
09082016_Gel4_EXP33_CTRL_tube2	48	Human	CTRL	B	33	2	4	1	20160628
09082016_Gel4_EXP33_ERL_tube10	48	Human	ERL	B	33	10	4	3	20160628
09082016_Gel4_EXP33_EST_tube6	48	Human	EST	B	33	6	4	4	20160628
080216_Gel5_CTRL_Exp40_Tube_1	48	Human	CTRL	B	40	1	5	1	20160628
080216_Gel5_DAS_Exp40_Tube_5	48	Human	DAS	B	40	5	5	2	20160628
080216_Gel5_ERL_Exp40_Tube_3	48	Human	ERL	B	40	3	5	3	20160628
080216_Gel5_ERL_Exp40_Tube_4	48	Human	ERL	B	40	4	5	4	20160628
080216_Gel5_GEF_Exp40_Tube_6	48	Human	GEF	B	40	6	5	5	20160628
080216_Gel6_AXI_Exp40_Tube_9	48	Human	AXI	B	40	9	6	2	20160628
080216_Gel6_CTRL_Exp40_Tube_1_160805053123	48	Human	CTRL	B	40	1	6	1	20160628
080216_Gel6_NIL_Exp40_Tube_8	48	Human	NIL	B	40	8	6	3	20160628
080216_Gel6_PAZ_Exp40_Tube_10	48	Human	PAZ	B	40	10	6	4	20160628
080216_Gel6_VAN_Exp40_Tube_7	48	Human	VAN	B	40	7	6	5	20160628
080616_Gel7_AFA_Exp40_Tube_12	48	Human	AFA	B	40	12	7	2	20160628
080616_Gel7_CTRL_Exp40_Tube_2	48	Human	CTRL	B	40	2	7	1	20160628
080616_Gel7_PON_Exp40_Tube_14	48	Human	PON	B	40	14	7	3	20160628
080616_Gel7_REG_Exp40_Tube_13	48	Human	REG	B	40	13	7	4	20160628
080616_Gel7_RUX_Exp40_Tube_11	48	Human	RUX	B	40	11	7	5	20160628
080616_Gel8_CAB_Exp40_Tube_19	48	Human	CAB	B	40	19	8	2	20160628
080616_Gel8_CTRL_Exp40_Tube_2	48	Human	CTRL	B	40	2	8	1	20160628
080616_Gel8_DAB_Exp40_Tube_17	48	Human	DAB	B	40	17	8	3	20160628
080616_Gel8_TRA_Exp40_Tube_20	48	Human	TRA	B	40	20	8	4	20160628
071116_Gel9_CTRL_Exp44_tube_1	48	Human	CTRL	B	44	1	9	1	20160628
071116_Gel9_DAS_Exp44_Tube_3	48	Human	DAS	B	44	3	9	2	20160628
071116_Gel9_GEF_Exp44_Tube_7	48	Human	GEF	B	44	7	9	3	20160628
071116_Gel9_LAP_Exp44_Tube_6	48	Human	LAP	B	44	6	9	4	20160628
071116_Gel9_TOF_Exp44_Tube_8	48	Human	TOF	B	44	8	9	5	20160628
071116_Gel10_CTRL_Exp44_Tube_1	48	Human	CTRL	B	44	1	10	1	20160628
071116_Gel10_AXI_Exp44_Tube_12	48	Human	AXI	B	44	12	10	2	20160628
071116_Gel10_BOS_Exp44_Tube_9	48	Human	BOS	B	44	9	10	3	20160628
071116_Gel10_NIL_Exp44_Tube_11	48	Human	NIL	B	44	11	10	4	20160628
071116_Gel10_VAN_Exp44_Tube_10	48	Human	VAN	B	44	10	10	5	20160628
071116_Gel11_CTRL_Exp44_Tube_2	48	Human	CTRL	B	44	2	11	1	20160628
071116_Gel11_AFA_Exp44_Tube_15	48	Human	AFA	B	44	15	11	2	20160628
071116_Gel11_PAZ_Exp44_Tube_13	48	Human	PAZ	B	44	13	11	3	20160628
071116_Gel11_REG_Exp44_Tube_16	48	Human	REG	B	44	16	11	4	20160628
071116_Gel11_RUX_Exp44_Tube_14	48	Human	RUX	B	44	14	11	5	20160628
09082016_Gel12_EXP44_CTRL_tube2_160916180753	48	Human	CTRL	B	44	2	12	1	20160628
09082016_Gel12_EXP44_TRA_tube21	48	Human	TRA	B	44	21	12	5	20160628
09082016_Gel12_EXP44_CAB_tube20	48	Human	CAB	B	44	20	12	2	20160628
09082016_Gel12_EXP44_DAB_tube18	48	Human	DAB	B	44	18	12	3	20160628
09082016_Gel12_EXP44_PON_tube17	48	Human	PON	B	44	17	12	4	20160628
093016_Gel_13_TOF_Exp46_Tube9	48	Human	TOF	B	46	9	13	5	20160628
093016_Gel_13_CTRL_Exp46_Tube1	48	Human	CTRL	B	46	1	13	1	20160628
093016_Gel_13_DAS_Exp46_Tube3	48	Human	DAS	B	46	3	13	2	20160628
093016_Gel_13_NIL_Exp46_Tube10	48	Human	NIL	B	46	10	13	3	20160628
093016_Gel_13_PAZ_Exp46_Tube12	48	Human	PAZ	B	46	12	13	4	20160628
093016_Gel_14_AFA_Exp46_Tube14_161004062123	48	Human	AFA	B	46	14	14	2	20160628
093016_Gel_14_AXI_Exp46_Tube11	48	Human	AXI	B	46	11	14	1	20160628
093016_Gel_14_REG_Exp46_Tube15	48	Human	REG	B	46	15	14	3	20160628
093016_Gel_14_RUX_Exp46_Tube13	48	Human	RUX	B	46	13	14	4	20160628
091216_Gel15_TRA_Exp46_Tube_20	48	Human	TRA	B	46	20	15	5	20160628
091216_Gel15_CAB_Exp46_Tube_19	48	Human	CAB	B	46	19	15	2	20160628
091216_Gel15_CTRL_Exp46_Tube_1	48	Human	CTRL	B	46	1	15	1	20160628
091216_Gel15_DAB_Exp46_Tube_17	48	Human	DAB	B	46	17	15	3	20160628
091216_Gel15_PON_Exp46_Tube_16	48	Human	PON	B	46	16	15	4	20160628
091216_Gel16_AXI_Exp50_Tube_7	48	Human	AXI	B	50	7	16	2	20160628
091216_Gel16_CTRL_Exp50_Tube_1	48	Human	CTRL	B	50	1	16	1	20160628
091216_Gel16_DAS_Exp50_Tube_3	48	Human	DAS	B	50	3	16	3	20160628
091216_Gel16_NIL_Exp50_Tube_6	48	Human	NIL	B	50	6	16	4	20160628
091216_Gel16_PAZ_Exp50_Tube_8	48	Human	PAZ	B	50	8	16	5	20160628
091216_Gel17_AFA_Exp50_Tube_10	48	Human	AFA	B	50	10	17	2	20160628
091216_Gel17_CTRL_Exp50_Tube_1	48	Human	CTRL	B	50	1	17	1	20160628
091216_Gel17_PON_Exp50_Tube_12	48	Human	PON	B	50	12	17	3	20160628
091216_Gel17_REG_Exp50_Tube_11	48	Human	REG	B	50	11	17	4	20160628
091216_Gel17_RUX_Exp50_Tube_9	48	Human	RUX	B	50	9	17	5	20160628
09232016_Gel18_EXP50_CAB_tube15	48	Human	CAB	B	50	15	18	1	20160628
09232016_Gel18_EXP50_CTRl_tube2	48	Human	CTRL	B	50	2	18	1	20160628
09232016_Gel18_EXP50_SUN_tube18	48	Human	SUN	B	50	18	18	3	20160628
09232016_Gel18_EXP50_TRA_tube16	48	Human	TRA	B	50	16	18	4	20160628
09192016_Gel19_EXP51_CTRL_tube1	48	Human	CTRL	B	51	1	19	1	20160628
09192016_Gel19_EXP51_CTRL_tube2	48	Human	CTRL	B	51	2	19	2	20160628
09192016_Gel19_EXP51_DAB_tube22	48	Human	DAB	B	51	22	19	3	20160628
09192016_Gel19_EXP51_PRE_tube18	48	Human	PRE	B	51	18	19	4	20160628
09192016_Gel19_EXP51_SUN_tube9	48	Human	SUN	B	51	9	19	5	20160628
071116_Gel20_CTRL_Exp53_tube_2	48	Human	CTRL	B	53	2	20	1	20160628
071116_Gel20_EST_Exp53_tube_16	48	Human	EST	B	53	16	20	2	20160628
071116_Gel20_PRE_Exp53_tube_12	48	Human	PRE	B	53	12	20	3	20160628
071116_Gel20_SOR_Exp53_tube_20	48	Human	SOR	B	53	20	20	4	20160628
071116_Gel20_SUN_Exp53_tube_4	48	Human	SUN	B	53	4	20	5	20160628
09022016_Gel21_EXP59_VEM_tube15	48	Human	VEM	B	59	15	21	5	20160628
09022016_Gel21_EXP59_CTRL_tube2	48	Human	CTRL	B	59	2	21	1	20160628
09022016_Gel21_EXP59_PRE_tube6	48	Human	PRE	B	59	6	21	2	20160628
09022016_Gel21_EXP59_SUN_tube3	48	Human	SUN	B	59	3	21	3	20160628
09022016_Gel21_EXP59_TRS_tube11	48	Human	TRS	B	59	11	21	4	20160628
09022016_Gel22_EXP64_CTRL_tube1	48	Human	CTRL	B	64	1	22	1	20160628
09022016_Gel22_EXP64_TRS_tube8	48	Human	TRS	B	64	8	22	2	20160628
09022016_Gel23_EXP67_VEM_tube2	48	Human	VEM	B	67	2	23	5	20160628
09022016_Gel23_EXP67_CTRL_tube1	48	Human	CTRL	B	67	1	23	1	20160628
09022016_Gel23_EXP67_EST_tube13	48	Human	EST	B	67	13	23	2	20160628
09022016_Gel23_EXP67_SOR_tube15	48	Human	SOR	B	67	15	23	3	20160628
09022016_Gel23_EXP67_TRS_tube8	48	Human	TRS	B	67	8	23	4	20160628
09232016_Gel24_EXP72_CTRL_tube1	48	Human	CTRL	B	72	1	24	1	20160628
09232016_Gel24_EXP72_PRE_tube13	48	Human	SUN+PRE	B	72	12	24	2	20160628
09232016_Gel24_EXP72_SOR_tube15	48	Human	SOR	B	72	15	24	3	20160628
09232016_Gel24_EXP72_TRS_tube8	48	Human	TRS	B	72	8	24	4	20160628
09232016_Gel24_EXP72_VEM_tube2	48	Human	VEM	B	72	2	24	5	20160628
